phylum	class	order	family	genus	species
Firmicutes	Bacilli	Bacillales	Bacillaceae	Aeribacillus	Aeribacillus pallidus
Firmicutes	Bacilli	Bacillales	Alicyclobacillaceae	Alicyclobacillus	Alicyclobacillus acidoterrestris
Firmicutes	Bacilli	Bacillales	Alicyclobacillaceae	Alicyclobacillus	Alicyclobacillus shizuokensis
Firmicutes	Bacilli	Bacillales	Bacillaceae	Allobacillus	Allobacillus sp. SKP2-8
Firmicutes	Bacilli	Bacillales	Bacillaceae	Allobacillus	Allobacillus sp. SKP4-8
Firmicutes	Bacilli	Bacillales	Paenibacillaceae	Ammoniphilus	Ammoniphilus sp. YIM 78166
Firmicutes	Bacilli	Bacillales	Paenibacillaceae	Aneurinibacillus	Aneurinibacillus aneurinilyticus
Firmicutes	Bacilli	Bacillales	Paenibacillaceae	Aneurinibacillus	Aneurinibacillus danicus
Firmicutes	Bacilli	Bacillales	Paenibacillaceae	Aneurinibacillus	Aneurinibacillus migulanus
Firmicutes	Bacilli	Bacillales	Paenibacillaceae	Aneurinibacillus	Aneurinibacillus soli
Firmicutes	Bacilli	Bacillales	Paenibacillaceae	Aneurinibacillus	Aneurinibacillus sp. XH2
Firmicutes	Bacilli	Bacillales	Paenibacillaceae	Aneurinibacillus	Aneurinibacillus terranovensis
Firmicutes	Bacilli	Bacillales	Paenibacillaceae	Aneurinibacillus	Aneurinibacillus thermoaerophilus
Firmicutes	Bacilli	Bacillales	Paenibacillaceae	Aneurinibacillus	Aneurinibacillus tyrosinisolvens
Firmicutes	Bacilli	Bacillales	Bacillaceae	Aquibacillus	Aquibacillus sp. TKL69
Firmicutes	Bacilli	Bacillales	Bacillaceae		Bacillaceae bacterium SAOS 7
Firmicutes	Bacilli	Bacillales	Bacillaceae		Bacillaceae bacterium SAS-127
Firmicutes	Bacilli	Bacillales			Bacillales bacterium
Firmicutes	Bacilli	Bacillales	Bacillaceae	Bacillus	Bacillus abyssalis
Firmicutes	Bacilli	Bacillales	Bacillaceae	Bacillus	Bacillus acanthi
Firmicutes	Bacilli	Bacillales	Bacillaceae	Bacillus	Bacillus acidiproducens
Firmicutes	Bacilli	Bacillales	Bacillaceae	Bacillus	Bacillus altitudinis
Firmicutes	Bacilli	Bacillales	Bacillaceae	Bacillus	Bacillus amyloliquefaciens
Firmicutes	Bacilli	Bacillales	Bacillaceae	Bacillus	Bacillus andreraoultii
Firmicutes	Bacilli	Bacillales	Bacillaceae	Bacillus	Bacillus anthracis
Firmicutes	Bacilli	Bacillales	Bacillaceae	Bacillus	Bacillus atrophaeus
Firmicutes	Bacilli	Bacillales	Bacillaceae	Bacillus	Bacillus azotoformans
Firmicutes	Bacilli	Bacillales	Bacillaceae	Bacillus	Bacillus badius
Firmicutes	Bacilli	Bacillales	Bacillaceae	Bacillus	Bacillus camelliae
Firmicutes	Bacilli	Bacillales	Bacillaceae	Bacillus	Bacillus canaveralius
Firmicutes	Bacilli	Bacillales	Bacillaceae	Bacillus	Bacillus caseinilyticus
Firmicutes	Bacilli	Bacillales	Bacillaceae	Bacillus	Bacillus cavernae
Firmicutes	Bacilli	Bacillales	Bacillaceae	Bacillus	Bacillus cecembensis
Firmicutes	Bacilli	Bacillales	Bacillaceae	Bacillus	Bacillus cereus
Firmicutes	Bacilli	Bacillales	Bacillaceae	Bacillus	Bacillus cihuensis
Firmicutes	Bacilli	Bacillales	Bacillaceae	Bacillus	Bacillus circulans
Firmicutes	Bacilli	Bacillales	Bacillaceae	Bacillus	Bacillus clausii
Firmicutes	Bacilli	Bacillales	Bacillaceae	Bacillus	Bacillus coagulans
Firmicutes	Bacilli	Bacillales	Bacillaceae	Bacillus	Bacillus cytotoxicus
Firmicutes	Bacilli	Bacillales	Bacillaceae	Bacillus	Bacillus dakarensis
Firmicutes	Bacilli	Bacillales	Bacillaceae	Bacillus	Bacillus farraginis
Firmicutes	Bacilli	Bacillales	Bacillaceae	Bacillus	Bacillus firmus
Firmicutes	Bacilli	Bacillales	Bacillaceae	Bacillus	Bacillus foraminis
Firmicutes	Bacilli	Bacillales	Bacillaceae	Bacillus	Bacillus ginsengihumi
Firmicutes	Bacilli	Bacillales	Bacillaceae	Bacillus	Bacillus glycinifermentans
Firmicutes	Bacilli	Bacillales	Bacillaceae	Bacillus	Bacillus halosaccharovorans
Firmicutes	Bacilli	Bacillales	Bacillaceae	Bacillus	Bacillus halotolerans
Firmicutes	Bacilli	Bacillales	Bacillaceae	Bacillus	Bacillus haynesii
Firmicutes	Bacilli	Bacillales	Bacillaceae	Bacillus	Bacillus horneckiae
Firmicutes	Bacilli	Bacillales	Bacillaceae	Bacillus	Bacillus humi
Firmicutes	Bacilli	Bacillales	Bacillaceae	Bacillus	Bacillus koreensis
Firmicutes	Bacilli	Bacillales	Bacillaceae	Bacillus	Bacillus korlensis
Firmicutes	Bacilli	Bacillales	Bacillaceae	Bacillus	Bacillus kwashiorkori
Firmicutes	Bacilli	Bacillales	Bacillaceae	Bacillus	Bacillus kyonggiensis
Firmicutes	Bacilli	Bacillales	Bacillaceae	Bacillus	Bacillus lentus
Firmicutes	Bacilli	Bacillales	Bacillaceae	Bacillus	Bacillus licheniformis
Firmicutes	Bacilli	Bacillales	Bacillaceae	Bacillus	Bacillus litoralis
Firmicutes	Bacilli	Bacillales	Bacillaceae	Bacillus	Bacillus loiseleuriae
Firmicutes	Bacilli	Bacillales	Bacillaceae	Bacillus	Bacillus luciferensis
Firmicutes	Bacilli	Bacillales	Bacillaceae	Bacillus	Bacillus manliponensis
Firmicutes	Bacilli	Bacillales	Bacillaceae	Bacillus	Bacillus mannanilyticus
Firmicutes	Bacilli	Bacillales	Bacillaceae	Bacillus	Bacillus massiliogabonensis
Firmicutes	Bacilli	Bacillales	Bacillaceae	Bacillus	Bacillus massilionigeriensis
Firmicutes	Bacilli	Bacillales	Bacillaceae	Bacillus	Bacillus massiliosenegalensis
Firmicutes	Bacilli	Bacillales	Bacillaceae	Bacillus	Bacillus mediterraneensis
Firmicutes	Bacilli	Bacillales	Bacillaceae	Bacillus	Bacillus megaterium
Firmicutes	Bacilli	Bacillales	Bacillaceae	Bacillus	Bacillus mycoides
Firmicutes	Bacilli	Bacillales	Bacillaceae	Bacillus	Bacillus nakamurai
Firmicutes	Bacilli	Bacillales	Bacillaceae	Bacillus	Bacillus ndiopicus
Firmicutes	Bacilli	Bacillales	Bacillaceae	Bacillus	Bacillus nealsonii
Firmicutes	Bacilli	Bacillales	Bacillaceae	Bacillus	Bacillus niameyensis
Firmicutes	Bacilli	Bacillales	Bacillaceae	Bacillus	Bacillus nitratireducens
Firmicutes	Bacilli	Bacillales	Bacillaceae	Bacillus	Bacillus oceanisediminis
Firmicutes	Bacilli	Bacillales	Bacillaceae	Bacillus	Bacillus okhensis
Firmicutes	Bacilli	Bacillales	Bacillaceae	Bacillus	Bacillus paralicheniformis
Firmicutes	Bacilli	Bacillales	Bacillaceae	Bacillus	Bacillus patagoniensis
Firmicutes	Bacilli	Bacillales	Bacillaceae	Bacillus	Bacillus praedii
Firmicutes	Bacilli	Bacillales	Bacillaceae	Bacillus	Bacillus pseudofirmus
Firmicutes	Bacilli	Bacillales	Bacillaceae	Bacillus	Bacillus pseudomycoides
Firmicutes	Bacilli	Bacillales	Bacillaceae	Bacillus	Bacillus pumilus
Firmicutes	Bacilli	Bacillales	Bacillaceae	Bacillus	Bacillus rubiinfantis
Firmicutes	Bacilli	Bacillales	Bacillaceae	Bacillus	Bacillus safensis
Firmicutes	Bacilli	Bacillales	Bacillaceae	Bacillus	Bacillus siamensis
Firmicutes	Bacilli	Bacillales	Bacillaceae	Bacillus	Bacillus sinesaloumensis
Firmicutes	Bacilli	Bacillales	Bacillaceae	Bacillus	Bacillus siralis
Firmicutes	Bacilli	Bacillales	Bacillaceae	Bacillus	Bacillus smithii
Firmicutes	Bacilli	Bacillales	Bacillaceae	Bacillus	Bacillus solani
Firmicutes	Bacilli	Bacillales	Bacillaceae	Bacillus	Bacillus solimangrovi
Firmicutes	Bacilli	Bacillales	Bacillaceae	Bacillus	Bacillus solisilvae
Firmicutes	Bacilli	Bacillales	Bacillaceae	Bacillus	Bacillus sonorensis
Firmicutes	Bacilli	Bacillales	Bacillaceae	Bacillus	Bacillus sp. (in: Bacteria)
Firmicutes	Bacilli	Bacillales	Bacillaceae	Bacillus	Bacillus sp. 123MFChir2
Firmicutes	Bacilli	Bacillales	Bacillaceae	Bacillus	Bacillus sp. 2_A_57_CT2
Firmicutes	Bacilli	Bacillales	Bacillaceae	Bacillus	Bacillus sp. 7586-K
Firmicutes	Bacilli	Bacillales	Bacillaceae	Bacillus	Bacillus sp. AFS040349
Firmicutes	Bacilli	Bacillales	Bacillaceae	Bacillus	Bacillus sp. AY18-3
Firmicutes	Bacilli	Bacillales	Bacillaceae	Bacillus	Bacillus sp. B14905
Firmicutes	Bacilli	Bacillales	Bacillaceae	Bacillus	Bacillus sp. BK450
Firmicutes	Bacilli	Bacillales	Bacillaceae	Bacillus	Bacillus sp. BSC154
Firmicutes	Bacilli	Bacillales	Bacillaceae	Bacillus	Bacillus sp. DE0587
Firmicutes	Bacilli	Bacillales	Bacillaceae	Bacillus	Bacillus sp. DSL-17
Firmicutes	Bacilli	Bacillales	Bacillaceae	Bacillus	Bacillus sp. EAC
Firmicutes	Bacilli	Bacillales	Bacillaceae	Bacillus	Bacillus sp. FJAT-14578
Firmicutes	Bacilli	Bacillales	Bacillaceae	Bacillus	Bacillus sp. FJAT-18019
Firmicutes	Bacilli	Bacillales	Bacillaceae	Bacillus	Bacillus sp. FJAT-21945
Firmicutes	Bacilli	Bacillales	Bacillaceae	Bacillus	Bacillus sp. FJAT-22090
Firmicutes	Bacilli	Bacillales	Bacillaceae	Bacillus	Bacillus sp. FJAT-27231
Firmicutes	Bacilli	Bacillales	Bacillaceae	Bacillus	Bacillus sp. FJAT-27264
Firmicutes	Bacilli	Bacillales	Bacillaceae	Bacillus	Bacillus sp. FJAT-29937
Firmicutes	Bacilli	Bacillales	Bacillaceae	Bacillus	Bacillus sp. FJAT-42315
Firmicutes	Bacilli	Bacillales	Bacillaceae	Bacillus	Bacillus sp. FJAT-42376
Firmicutes	Bacilli	Bacillales	Bacillaceae	Bacillus	Bacillus sp. FJAT-45350
Firmicutes	Bacilli	Bacillales	Bacillaceae	Bacillus	Bacillus sp. FJAT-45385
Firmicutes	Bacilli	Bacillales	Bacillaceae	Bacillus	Bacillus sp. FJAT-46582
Firmicutes	Bacilli	Bacillales	Bacillaceae	Bacillus	Bacillus sp. HNG
Firmicutes	Bacilli	Bacillales	Bacillaceae	Bacillus	Bacillus sp. J33
Firmicutes	Bacilli	Bacillales	Bacillaceae	Bacillus	Bacillus sp. J37
Firmicutes	Bacilli	Bacillales	Bacillaceae	Bacillus	Bacillus sp. JCM 19041
Firmicutes	Bacilli	Bacillales	Bacillaceae	Bacillus	Bacillus sp. JCM 19047
Firmicutes	Bacilli	Bacillales	Bacillaceae	Bacillus	Bacillus sp. JFL15
Firmicutes	Bacilli	Bacillales	Bacillaceae	Bacillus	Bacillus sp. LLTC93
Firmicutes	Bacilli	Bacillales	Bacillaceae	Bacillus	Bacillus sp. M5HDSG1-1
Firmicutes	Bacilli	Bacillales	Bacillaceae	Bacillus	Bacillus sp. M6-12
Firmicutes	Bacilli	Bacillales	Bacillaceae	Bacillus	Bacillus sp. MSP13
Firmicutes	Bacilli	Bacillales	Bacillaceae	Bacillus	Bacillus sp. NMCN6
Firmicutes	Bacilli	Bacillales	Bacillaceae	Bacillus	Bacillus sp. NMTD17
Firmicutes	Bacilli	Bacillales	Bacillaceae	Bacillus	Bacillus sp. Nf3
Firmicutes	Bacilli	Bacillales	Bacillaceae	Bacillus	Bacillus sp. OG2
Firmicutes	Bacilli	Bacillales	Bacillaceae	Bacillus	Bacillus sp. OV186
Firmicutes	Bacilli	Bacillales	Bacillaceae	Bacillus	Bacillus sp. P16(2019)
Firmicutes	Bacilli	Bacillales	Bacillaceae	Bacillus	Bacillus sp. PK3_68
Firmicutes	Bacilli	Bacillales	Bacillaceae	Bacillus	Bacillus sp. SJS
Firmicutes	Bacilli	Bacillales	Bacillaceae	Bacillus	Bacillus sp. SLBN-174
Firmicutes	Bacilli	Bacillales	Bacillaceae	Bacillus	Bacillus sp. SN10
Firmicutes	Bacilli	Bacillales	Bacillaceae	Bacillus	Bacillus sp. SYSU K30001
Firmicutes	Bacilli	Bacillales	Bacillaceae	Bacillus	Bacillus sp. T33-2
Firmicutes	Bacilli	Bacillales	Bacillaceae	Bacillus	Bacillus sp. TE3
Firmicutes	Bacilli	Bacillales	Bacillaceae	Bacillus	Bacillus sp. TH007
Firmicutes	Bacilli	Bacillales	Bacillaceae	Bacillus	Bacillus sp. UMB0899
Firmicutes	Bacilli	Bacillales	Bacillaceae	Bacillus	Bacillus sp. V3-13
Firmicutes	Bacilli	Bacillales	Bacillaceae	Bacillus	Bacillus sp. V44-8
Firmicutes	Bacilli	Bacillales	Bacillaceae	Bacillus	Bacillus sp. V47-23a
Firmicutes	Bacilli	Bacillales	Bacillaceae	Bacillus	Bacillus sp. V5-8f
Firmicutes	Bacilli	Bacillales	Bacillaceae	Bacillus	Bacillus sp. XXST-01
Firmicutes	Bacilli	Bacillales	Bacillaceae	Bacillus	Bacillus sp. Y1
Firmicutes	Bacilli	Bacillales	Bacillaceae	Bacillus	Bacillus sporothermodurans
Firmicutes	Bacilli	Bacillales	Bacillaceae	Bacillus	Bacillus stratosphericus
Firmicutes	Bacilli	Bacillales	Bacillaceae	Bacillus	Bacillus subtilis
Firmicutes	Bacilli	Bacillales	Bacillaceae	Bacillus	Bacillus swezeyi
Firmicutes	Bacilli	Bacillales	Bacillaceae	Bacillus	Bacillus tequilensis
Firmicutes	Bacilli	Bacillales	Bacillaceae	Bacillus	Bacillus thermoamylovorans
Firmicutes	Bacilli	Bacillales	Bacillaceae	Bacillus	Bacillus thuringiensis
Firmicutes	Bacilli	Bacillales	Bacillaceae	Bacillus	Bacillus timonensis
Firmicutes	Bacilli	Bacillales	Bacillaceae	Bacillus	Bacillus toyonensis
Firmicutes	Bacilli	Bacillales	Bacillaceae	Bacillus	Bacillus trypoxylicola
Firmicutes	Bacilli	Bacillales	Bacillaceae	Bacillus	Bacillus tuaregi
Firmicutes	Bacilli	Bacillales	Bacillaceae	Bacillus	Bacillus vallismortis
Firmicutes	Bacilli	Bacillales	Bacillaceae	Bacillus	Bacillus velezensis
Firmicutes	Bacilli	Bacillales	Bacillaceae	Bacillus	Bacillus weihaiensis
Firmicutes	Bacilli	Bacillales	Bacillaceae	Bacillus	Bacillus wiedmannii
Firmicutes	Bacilli	Bacillales	Bacillaceae	Bacillus	Bacillus wudalianchiensis
Firmicutes	Bacilli	Bacillales	Bacillaceae	Bacillus	Bacillus xiamenensis
Firmicutes	Bacilli	Bacillales	Bacillaceae	Bacillus	Bacillus zeae
Firmicutes	Bacilli	Bacillales	Paenibacillaceae	Brevibacillus	Brevibacillus agri
Firmicutes	Bacilli	Bacillales	Paenibacillaceae	Brevibacillus	Brevibacillus borstelensis
Firmicutes	Bacilli	Bacillales	Paenibacillaceae	Brevibacillus	Brevibacillus brevis
Firmicutes	Bacilli	Bacillales	Paenibacillaceae	Brevibacillus	Brevibacillus choshinensis
Firmicutes	Bacilli	Bacillales	Paenibacillaceae	Brevibacillus	Brevibacillus fluminis
Firmicutes	Bacilli	Bacillales	Paenibacillaceae	Brevibacillus	Brevibacillus formosus
Firmicutes	Bacilli	Bacillales	Paenibacillaceae	Brevibacillus	Brevibacillus gelatini
Firmicutes	Bacilli	Bacillales	Paenibacillaceae	Brevibacillus	Brevibacillus laterosporus
Firmicutes	Bacilli	Bacillales	Paenibacillaceae	Brevibacillus	Brevibacillus nitrificans
Firmicutes	Bacilli	Bacillales	Paenibacillaceae	Brevibacillus	Brevibacillus parabrevis
Firmicutes	Bacilli	Bacillales	Paenibacillaceae	Brevibacillus	Brevibacillus reuszeri
Firmicutes	Bacilli	Bacillales	Paenibacillaceae	Brevibacillus	Brevibacillus sp.
Firmicutes	Bacilli	Bacillales	Paenibacillaceae	Brevibacillus	Brevibacillus sp. BC25
Firmicutes	Bacilli	Bacillales	Paenibacillaceae	Brevibacillus	Brevibacillus sp. CF112
Firmicutes	Bacilli	Bacillales	Paenibacillaceae	Brevibacillus	Brevibacillus sp. CFH S0501
Firmicutes	Bacilli	Bacillales	Paenibacillaceae	Brevibacillus	Brevibacillus sp. NRRL NRS-603
Firmicutes	Bacilli	Bacillales	Paenibacillaceae	Brevibacillus	Brevibacillus sp. SKDU10
Firmicutes	Bacilli	Bacillales	Paenibacillaceae	Brevibacillus	Brevibacillus sp. TGS2-1
Firmicutes	Clostridia	Clostridiales	Clostridiaceae	Butyricicoccus	Butyricicoccus sp. 1XD8-22
Firmicutes	Bacilli	Bacillales	Bacillaceae	Caldibacillus	Caldibacillus debilis
Firmicutes	Clostridia	Clostridiales	Clostridiaceae	Caloramator	Caloramator quimbayensis
Firmicutes	Bacilli	Bacillales	Planococcaceae	Caryophanon	Caryophanon latum
Firmicutes	Bacilli	Bacillales	Planococcaceae	Caryophanon	Caryophanon tenue
Firmicutes	Bacilli	Bacillales	Bacillaceae	Cerasibacillus	Cerasibacillus quisquiliarum
Actinobacteria	Actinobacteria	Micrococcales	Micrococcaceae	Citricoccus	Citricoccus massiliensis
Firmicutes	Bacilli	Bacillales	Paenibacillaceae	Cohnella	Cohnella sp. 18JY8-7
Firmicutes	Bacilli	Bacillales	Paenibacillaceae	Cohnella	Cohnella sp. CC-MHH1044
Firmicutes	Bacilli	Bacillales	Paenibacillaceae	Cohnella	Cohnella sp. SGD-V74
Firmicutes	Clostridia	Clostridiales	Peptococcaceae	Desulfitobacterium	Desulfitobacterium sp. PCE1
Firmicutes	Bacilli	Bacillales	Bacillaceae	Domibacillus	Domibacillus enclensis
Firmicutes	Bacilli	Bacillales	Bacillaceae	Domibacillus	Domibacillus epiphyticus
Firmicutes	Bacilli	Bacillales	Bacillaceae	Domibacillus	Domibacillus indicus
Firmicutes	Bacilli	Bacillales	Bacillaceae	Domibacillus	Domibacillus iocasae
Firmicutes	Bacilli	Bacillales	Bacillaceae	Domibacillus	Domibacillus robiginosus
Firmicutes	Bacilli	Bacillales	Alicyclobacillaceae	Effusibacillus	Effusibacillus lacus
Firmicutes	Bacilli	Bacillales	Alicyclobacillaceae	Effusibacillus	Effusibacillus pohliae
Firmicutes	Bacilli	Bacillales		Exiguobacterium	Exiguobacterium alkaliphilum
Firmicutes	Bacilli	Bacillales		Exiguobacterium	Exiguobacterium antarcticum
Firmicutes	Bacilli	Bacillales		Exiguobacterium	Exiguobacterium aurantiacum
Firmicutes	Bacilli	Bacillales		Exiguobacterium	Exiguobacterium enclense
Firmicutes	Bacilli	Bacillales		Exiguobacterium	Exiguobacterium marinum
Firmicutes	Bacilli	Bacillales		Exiguobacterium	Exiguobacterium mexicanum
Firmicutes	Bacilli	Bacillales		Exiguobacterium	Exiguobacterium oxidotolerans
Firmicutes	Bacilli	Bacillales		Exiguobacterium	Exiguobacterium sibiricum
Firmicutes	Bacilli	Bacillales		Exiguobacterium	Exiguobacterium sp.
Firmicutes	Bacilli	Bacillales		Exiguobacterium	Exiguobacterium sp. B203-G5 25_7
Firmicutes	Bacilli	Bacillales		Exiguobacterium	Exiguobacterium sp. HF60
Firmicutes	Bacilli	Bacillales		Exiguobacterium	Exiguobacterium sp. HVEsp1
Firmicutes	Bacilli	Bacillales		Exiguobacterium	Exiguobacterium sp. KRL4
Firmicutes	Bacilli	Bacillales		Exiguobacterium	Exiguobacterium sp. RIT594
Firmicutes	Bacilli	Bacillales		Exiguobacterium	Exiguobacterium sp. S17
Firmicutes	Bacilli	Bacillales		Exiguobacterium	Exiguobacterium sp. SH4S7
Firmicutes	Bacilli	Bacillales	Paenibacillaceae	Fontibacillus	Fontibacillus panacisegetis
Firmicutes	Bacilli	Bacillales	Paenibacillaceae	Fontibacillus	Fontibacillus phaseoli
Firmicutes	Bacilli	Bacillales	Paenibacillaceae	Gorillibacterium	Gorillibacterium massiliense
Firmicutes	Bacilli	Bacillales	Paenibacillaceae	Gorillibacterium	Gorillibacterium timonense
Firmicutes	Bacilli	Bacillales	Bacillaceae	Gracilibacillus	Gracilibacillus dipsosauri
Firmicutes	Bacilli	Bacillales	Bacillaceae	Gracilibacillus	Gracilibacillus ureilyticus
Firmicutes	Bacilli	Bacillales	Bacillaceae	Lentibacillus	Lentibacillus halodurans
Firmicutes	Bacilli	Bacillales	Bacillaceae	Lentibacillus	Lentibacillus sp. Marseille-P4043
Firmicutes	Bacilli	Bacillales	Listeriaceae	Listeria	Listeria costaricensis
Firmicutes	Bacilli	Bacillales	Listeriaceae	Listeria	Listeria grayi
Firmicutes	Bacilli	Bacillales	Bacillaceae	Lysinibacillus	Lysinibacillus acetophenoni
Firmicutes	Bacilli	Bacillales	Bacillaceae	Lysinibacillus	Lysinibacillus composti
Firmicutes	Bacilli	Bacillales	Bacillaceae	Lysinibacillus	Lysinibacillus endophyticus
Firmicutes	Bacilli	Bacillales	Bacillaceae	Lysinibacillus	Lysinibacillus fusiformis
Firmicutes	Bacilli	Bacillales	Bacillaceae	Lysinibacillus	Lysinibacillus jejuensis
Firmicutes	Bacilli	Bacillales	Bacillaceae	Lysinibacillus	Lysinibacillus macroides
Firmicutes	Bacilli	Bacillales	Bacillaceae	Lysinibacillus	Lysinibacillus manganicus
Firmicutes	Bacilli	Bacillales	Bacillaceae	Lysinibacillus	Lysinibacillus massiliensis
Firmicutes	Bacilli	Bacillales	Bacillaceae	Lysinibacillus	Lysinibacillus meyeri
Firmicutes	Bacilli	Bacillales	Bacillaceae	Lysinibacillus	Lysinibacillus parviboronicapiens
Firmicutes	Bacilli	Bacillales	Bacillaceae	Lysinibacillus	Lysinibacillus saudimassiliensis
Firmicutes	Bacilli	Bacillales	Bacillaceae	Lysinibacillus	Lysinibacillus sinduriensis
Firmicutes	Bacilli	Bacillales	Bacillaceae	Lysinibacillus	Lysinibacillus sp.
Firmicutes	Bacilli	Bacillales	Bacillaceae	Lysinibacillus	Lysinibacillus sp. AR18-8
Firmicutes	Bacilli	Bacillales	Bacillaceae	Lysinibacillus	Lysinibacillus sp. B2A1
Firmicutes	Bacilli	Bacillales	Bacillaceae	Lysinibacillus	Lysinibacillus sp. BF-4
Firmicutes	Bacilli	Bacillales	Bacillaceae	Lysinibacillus	Lysinibacillus sp. BK089
Firmicutes	Bacilli	Bacillales	Bacillaceae	Lysinibacillus	Lysinibacillus sp. BW-2-10
Firmicutes	Bacilli	Bacillales	Bacillaceae	Lysinibacillus	Lysinibacillus sp. FJAT-14222
Firmicutes	Bacilli	Bacillales	Bacillaceae	Lysinibacillus	Lysinibacillus sp. FJAT-14745
Firmicutes	Bacilli	Bacillales	Bacillaceae	Lysinibacillus	Lysinibacillus sp. OL1
Firmicutes	Bacilli	Bacillales	Bacillaceae	Lysinibacillus	Lysinibacillus sp. SDF0037
Firmicutes	Bacilli	Bacillales	Bacillaceae	Lysinibacillus	Lysinibacillus sp. SDF0063
Firmicutes	Bacilli	Bacillales	Bacillaceae	Lysinibacillus	Lysinibacillus sp. SGAir0095
Firmicutes	Bacilli	Bacillales	Bacillaceae	Lysinibacillus	Lysinibacillus sp. YLB-03
Firmicutes	Bacilli	Bacillales	Bacillaceae	Lysinibacillus	Lysinibacillus sp. YR326
Firmicutes	Bacilli	Bacillales	Bacillaceae	Lysinibacillus	Lysinibacillus sphaericus
Firmicutes	Bacilli	Bacillales	Bacillaceae	Lysinibacillus	Lysinibacillus telephonicus
Firmicutes	Bacilli	Bacillales	Bacillaceae	Lysinibacillus	Lysinibacillus timonensis
Firmicutes	Bacilli	Bacillales	Bacillaceae	Lysinibacillus	Lysinibacillus xylanilyticus
Firmicutes	Bacilli	Bacillales	Bacillaceae	Lysinibacillus	Lysinibacillus xyleni
Firmicutes	Bacilli	Bacillales	Bacillaceae	Marinococcus	Marinococcus halophilus
Firmicutes	Bacilli	Bacillales	Bacillaceae	Marinococcus	Marinococcus halotolerans
Firmicutes	Bacilli	Bacillales	Bacillaceae	Melghiribacillus	Melghiribacillus thermohalophilus
Proteobacteria	Alphaproteobacteria	Rhizobiales	Phyllobacteriaceae	Mesorhizobium	Mesorhizobium sp. M00.F.Ca.ET.186.01.1.1
Firmicutes	Clostridia	Clostridiales		Natranaerovirga	Natranaerovirga pectinivora
Firmicutes	Bacilli	Bacillales	Bacillaceae	Oceanobacillus	Oceanobacillus bengalensis
Firmicutes	Bacilli	Bacillales	Bacillaceae	Oceanobacillus	Oceanobacillus caeni
Firmicutes	Bacilli	Bacillales	Bacillaceae	Oceanobacillus	Oceanobacillus chungangensis
Firmicutes	Bacilli	Bacillales	Bacillaceae	Oceanobacillus	Oceanobacillus iheyensis
Firmicutes	Bacilli	Bacillales	Bacillaceae	Oceanobacillus	Oceanobacillus jeddahense
Firmicutes	Bacilli	Bacillales	Bacillaceae	Oceanobacillus	Oceanobacillus kimchii
Firmicutes	Bacilli	Bacillales	Bacillaceae	Oceanobacillus	Oceanobacillus manasiensis
Firmicutes	Bacilli	Bacillales	Bacillaceae	Oceanobacillus	Oceanobacillus oncorhynchi
Firmicutes	Bacilli	Bacillales	Bacillaceae	Oceanobacillus	Oceanobacillus picturae
Firmicutes	Bacilli	Bacillales	Bacillaceae	Oceanobacillus	Oceanobacillus sojae
Firmicutes	Bacilli	Bacillales	Bacillaceae	Oceanobacillus	Oceanobacillus sp. Castelsardo
Firmicutes	Bacilli	Bacillales	Bacillaceae	Oceanobacillus	Oceanobacillus timonensis
Firmicutes	Bacilli	Bacillales	Bacillaceae	Ornithinibacillus	Ornithinibacillus sp.
Firmicutes	Bacilli	Bacillales	Paenibacillaceae	Paenibacillus	Paenibacillus aceti
Firmicutes	Bacilli	Bacillales	Paenibacillaceae	Paenibacillus	Paenibacillus algorifonticola
Firmicutes	Bacilli	Bacillales	Paenibacillaceae	Paenibacillus	Paenibacillus amylolyticus
Firmicutes	Bacilli	Bacillales	Paenibacillaceae	Paenibacillus	Paenibacillus anaericanus
Firmicutes	Bacilli	Bacillales	Paenibacillaceae	Paenibacillus	Paenibacillus antarcticus
Firmicutes	Bacilli	Bacillales	Paenibacillaceae	Paenibacillus	Paenibacillus antibioticophila
Firmicutes	Bacilli	Bacillales	Paenibacillaceae	Paenibacillus	Paenibacillus assamensis
Firmicutes	Bacilli	Bacillales	Paenibacillaceae	Paenibacillus	Paenibacillus barcinonensis
Firmicutes	Bacilli	Bacillales	Paenibacillaceae	Paenibacillus	Paenibacillus barengoltzii
Firmicutes	Bacilli	Bacillales	Paenibacillaceae	Paenibacillus	Paenibacillus beijingensis
Firmicutes	Bacilli	Bacillales	Paenibacillaceae	Paenibacillus	Paenibacillus borealis
Firmicutes	Bacilli	Bacillales	Paenibacillaceae	Paenibacillus	Paenibacillus bouchesdurhonensis
Firmicutes	Bacilli	Bacillales	Paenibacillaceae	Paenibacillus	Paenibacillus bovis
Firmicutes	Bacilli	Bacillales	Paenibacillaceae	Paenibacillus	Paenibacillus camerounensis
Firmicutes	Bacilli	Bacillales	Paenibacillaceae	Paenibacillus	Paenibacillus campinasensis
Firmicutes	Bacilli	Bacillales	Paenibacillaceae	Paenibacillus	Paenibacillus chibensis
Firmicutes	Bacilli	Bacillales	Paenibacillaceae	Paenibacillus	Paenibacillus dauci
Firmicutes	Bacilli	Bacillales	Paenibacillaceae	Paenibacillus	Paenibacillus donghaensis
Firmicutes	Bacilli	Bacillales	Paenibacillaceae	Paenibacillus	Paenibacillus durus
Firmicutes	Bacilli	Bacillales	Paenibacillaceae	Paenibacillus	Paenibacillus ehimensis
Firmicutes	Bacilli	Bacillales	Paenibacillaceae	Paenibacillus	Paenibacillus elgii
Firmicutes	Bacilli	Bacillales	Paenibacillaceae	Paenibacillus	Paenibacillus etheri
Firmicutes	Bacilli	Bacillales	Paenibacillaceae	Paenibacillus	Paenibacillus faecis
Firmicutes	Bacilli	Bacillales	Paenibacillaceae	Paenibacillus	Paenibacillus fonticola
Firmicutes	Bacilli	Bacillales	Paenibacillaceae	Paenibacillus	Paenibacillus forsythiae
Firmicutes	Bacilli	Bacillales	Paenibacillaceae	Paenibacillus	Paenibacillus glacialis
Firmicutes	Bacilli	Bacillales	Paenibacillaceae	Paenibacillus	Paenibacillus graminis
Firmicutes	Bacilli	Bacillales	Paenibacillaceae	Paenibacillus	Paenibacillus ihbetae
Firmicutes	Bacilli	Bacillales	Paenibacillaceae	Paenibacillus	Paenibacillus ihuae
Firmicutes	Bacilli	Bacillales	Paenibacillaceae	Paenibacillus	Paenibacillus ihumii
Firmicutes	Bacilli	Bacillales	Paenibacillaceae	Paenibacillus	Paenibacillus illinoisensis
Firmicutes	Bacilli	Bacillales	Paenibacillaceae	Paenibacillus	Paenibacillus jamilae
Firmicutes	Bacilli	Bacillales	Paenibacillaceae	Paenibacillus	Paenibacillus jilunlii
Firmicutes	Bacilli	Bacillales	Paenibacillaceae	Paenibacillus	Paenibacillus kribbensis
Firmicutes	Bacilli	Bacillales	Paenibacillaceae	Paenibacillus	Paenibacillus lactis
Firmicutes	Bacilli	Bacillales	Paenibacillaceae	Paenibacillus	Paenibacillus lautus
Firmicutes	Bacilli	Bacillales	Paenibacillaceae	Paenibacillus	Paenibacillus lentus
Firmicutes	Bacilli	Bacillales	Paenibacillaceae	Paenibacillus	Paenibacillus massiliensis
Firmicutes	Bacilli	Bacillales	Paenibacillaceae	Paenibacillus	Paenibacillus methanolicus
Firmicutes	Bacilli	Bacillales	Paenibacillaceae	Paenibacillus	Paenibacillus mucilaginosus
Firmicutes	Bacilli	Bacillales	Paenibacillaceae	Paenibacillus	Paenibacillus nanensis
Firmicutes	Bacilli	Bacillales	Paenibacillaceae	Paenibacillus	Paenibacillus odorifer
Firmicutes	Bacilli	Bacillales	Paenibacillaceae	Paenibacillus	Paenibacillus oryzae
Firmicutes	Bacilli	Bacillales	Paenibacillaceae	Paenibacillus	Paenibacillus pabuli
Firmicutes	Bacilli	Bacillales	Paenibacillaceae	Paenibacillus	Paenibacillus panacisoli
Firmicutes	Bacilli	Bacillales	Paenibacillaceae	Paenibacillus	Paenibacillus peoriae
Firmicutes	Bacilli	Bacillales	Paenibacillaceae	Paenibacillus	Paenibacillus phocaensis
Firmicutes	Bacilli	Bacillales	Paenibacillaceae	Paenibacillus	Paenibacillus pini
Firmicutes	Bacilli	Bacillales	Paenibacillaceae	Paenibacillus	Paenibacillus polymyxa
Firmicutes	Bacilli	Bacillales	Paenibacillaceae	Paenibacillus	Paenibacillus polysaccharolyticus
Firmicutes	Bacilli	Bacillales	Paenibacillaceae	Paenibacillus	Paenibacillus rigui
Firmicutes	Bacilli	Bacillales	Paenibacillaceae	Paenibacillus	Paenibacillus riograndensis
Firmicutes	Bacilli	Bacillales	Paenibacillaceae	Paenibacillus	Paenibacillus rubinfantis
Firmicutes	Bacilli	Bacillales	Paenibacillaceae	Paenibacillus	Paenibacillus sabinae
Firmicutes	Bacilli	Bacillales	Paenibacillaceae	Paenibacillus	Paenibacillus sanguinis
Firmicutes	Bacilli	Bacillales	Paenibacillaceae	Paenibacillus	Paenibacillus selenitireducens
Firmicutes	Bacilli	Bacillales	Paenibacillaceae	Paenibacillus	Paenibacillus senegalimassiliensis
Firmicutes	Bacilli	Bacillales	Paenibacillaceae	Paenibacillus	Paenibacillus silvae
Firmicutes	Bacilli	Bacillales	Paenibacillaceae	Paenibacillus	Paenibacillus sonchi
Firmicutes	Bacilli	Bacillales	Paenibacillaceae	Paenibacillus	Paenibacillus sophorae
Firmicutes	Bacilli	Bacillales	Paenibacillaceae	Paenibacillus	Paenibacillus sp. 1-18
Firmicutes	Bacilli	Bacillales	Paenibacillaceae	Paenibacillus	Paenibacillus sp. 1-49
Firmicutes	Bacilli	Bacillales	Paenibacillaceae	Paenibacillus	Paenibacillus sp. 18JY67-1
Firmicutes	Bacilli	Bacillales	Paenibacillaceae	Paenibacillus	Paenibacillus sp. 1ZS3-15
Firmicutes	Bacilli	Bacillales	Paenibacillaceae	Paenibacillus	Paenibacillus sp. 32352
Firmicutes	Bacilli	Bacillales	Paenibacillaceae	Paenibacillus	Paenibacillus sp. 453mf
Firmicutes	Bacilli	Bacillales	Paenibacillaceae	Paenibacillus	Paenibacillus sp. 7197
Firmicutes	Bacilli	Bacillales	Paenibacillaceae	Paenibacillus	Paenibacillus sp. 7516
Firmicutes	Bacilli	Bacillales	Paenibacillaceae	Paenibacillus	Paenibacillus sp. A3
Firmicutes	Bacilli	Bacillales	Paenibacillaceae	Paenibacillus	Paenibacillus sp. A59
Firmicutes	Bacilli	Bacillales	Paenibacillaceae	Paenibacillus	Paenibacillus sp. A9
Firmicutes	Bacilli	Bacillales	Paenibacillaceae	Paenibacillus	Paenibacillus sp. AD87
Firmicutes	Bacilli	Bacillales	Paenibacillaceae	Paenibacillus	Paenibacillus sp. AR247
Firmicutes	Bacilli	Bacillales	Paenibacillaceae	Paenibacillus	Paenibacillus sp. ASL46
Firmicutes	Bacilli	Bacillales	Paenibacillaceae	Paenibacillus	Paenibacillus sp. BC26
Firmicutes	Bacilli	Bacillales	Paenibacillaceae	Paenibacillus	Paenibacillus sp. BIHB4019
Firmicutes	Bacilli	Bacillales	Paenibacillaceae	Paenibacillus	Paenibacillus sp. BK673
Firmicutes	Bacilli	Bacillales	Paenibacillaceae	Paenibacillus	Paenibacillus sp. BK736
Firmicutes	Bacilli	Bacillales	Paenibacillaceae	Paenibacillus	Paenibacillus sp. CAA11
Firmicutes	Bacilli	Bacillales	Paenibacillaceae	Paenibacillus	Paenibacillus sp. CFBP13512
Firmicutes	Bacilli	Bacillales	Paenibacillaceae	Paenibacillus	Paenibacillus sp. DCT19
Firmicutes	Bacilli	Bacillales	Paenibacillaceae	Paenibacillus	Paenibacillus sp. DMB5
Firmicutes	Bacilli	Bacillales	Paenibacillaceae	Paenibacillus	Paenibacillus sp. DXL2
Firmicutes	Bacilli	Bacillales	Paenibacillaceae	Paenibacillus	Paenibacillus sp. FSL H7-0326
Firmicutes	Bacilli	Bacillales	Paenibacillaceae	Paenibacillus	Paenibacillus sp. FSL H7-0331
Firmicutes	Bacilli	Bacillales	Paenibacillaceae	Paenibacillus	Paenibacillus sp. FSL H7-0357
Firmicutes	Bacilli	Bacillales	Paenibacillaceae	Paenibacillus	Paenibacillus sp. FSL R5-0345
Firmicutes	Bacilli	Bacillales	Paenibacillaceae	Paenibacillus	Paenibacillus sp. FSL R5-0765
Firmicutes	Bacilli	Bacillales	Paenibacillaceae	Paenibacillus	Paenibacillus sp. FSL R5-0912
Firmicutes	Bacilli	Bacillales	Paenibacillaceae	Paenibacillus	Paenibacillus sp. FSL R7-0273
Firmicutes	Bacilli	Bacillales	Paenibacillaceae	Paenibacillus	Paenibacillus sp. FSL R7-0337
Firmicutes	Bacilli	Bacillales	Paenibacillaceae	Paenibacillus	Paenibacillus sp. FSL R7-277
Firmicutes	Bacilli	Bacillales	Paenibacillaceae	Paenibacillus	Paenibacillus sp. GP183
Firmicutes	Bacilli	Bacillales	Paenibacillaceae	Paenibacillus	Paenibacillus sp. HW567
Firmicutes	Bacilli	Bacillales	Paenibacillaceae	Paenibacillus	Paenibacillus sp. IHB B 3084
Firmicutes	Bacilli	Bacillales	Paenibacillaceae	Paenibacillus	Paenibacillus sp. IHBB 10380
Firmicutes	Bacilli	Bacillales	Paenibacillaceae	Paenibacillus	Paenibacillus sp. J14
Firmicutes	Bacilli	Bacillales	Paenibacillaceae	Paenibacillus	Paenibacillus sp. KCOM 3021
Firmicutes	Bacilli	Bacillales	Paenibacillaceae	Paenibacillus	Paenibacillus sp. LC231
Firmicutes	Bacilli	Bacillales	Paenibacillaceae	Paenibacillus	Paenibacillus sp. MS2379
Firmicutes	Bacilli	Bacillales	Paenibacillaceae	Paenibacillus	Paenibacillus sp. N2SHLJ1
Firmicutes	Bacilli	Bacillales	Paenibacillaceae	Paenibacillus	Paenibacillus sp. N4
Firmicutes	Bacilli	Bacillales	Paenibacillaceae	Paenibacillus	Paenibacillus sp. NFR01
Firmicutes	Bacilli	Bacillales	Paenibacillaceae	Paenibacillus	Paenibacillus sp. O199
Firmicutes	Bacilli	Bacillales	Paenibacillaceae	Paenibacillus	Paenibacillus sp. OK003
Firmicutes	Bacilli	Bacillales	Paenibacillaceae	Paenibacillus	Paenibacillus sp. OK076
Firmicutes	Bacilli	Bacillales	Paenibacillaceae	Paenibacillus	Paenibacillus sp. OV219
Firmicutes	Bacilli	Bacillales	Paenibacillaceae	Paenibacillus	Paenibacillus sp. P1XP2
Firmicutes	Bacilli	Bacillales	Paenibacillaceae	Paenibacillus	Paenibacillus sp. P26E
Firmicutes	Bacilli	Bacillales	Paenibacillaceae	Paenibacillus	Paenibacillus sp. P32E
Firmicutes	Bacilli	Bacillales	Paenibacillaceae	Paenibacillus	Paenibacillus sp. P46E
Firmicutes	Bacilli	Bacillales	Paenibacillaceae	Paenibacillus	Paenibacillus sp. PAMC 26794
Firmicutes	Bacilli	Bacillales	Paenibacillaceae	Paenibacillus	Paenibacillus sp. PCH8
Firmicutes	Bacilli	Bacillales	Paenibacillaceae	Paenibacillus	Paenibacillus sp. Root52
Firmicutes	Bacilli	Bacillales	Paenibacillaceae	Paenibacillus	Paenibacillus sp. SMB1
Firmicutes	Bacilli	Bacillales	Paenibacillaceae	Paenibacillus	Paenibacillus sp. TI45-13ar
Firmicutes	Bacilli	Bacillales	Paenibacillaceae	Paenibacillus	Paenibacillus sp. UNC451MF
Firmicutes	Bacilli	Bacillales	Paenibacillaceae	Paenibacillus	Paenibacillus sp. VKM B-2647
Firmicutes	Bacilli	Bacillales	Paenibacillaceae	Paenibacillus	Paenibacillus sp. VT-400
Firmicutes	Bacilli	Bacillales	Paenibacillaceae	Paenibacillus	Paenibacillus sp. XY044
Firmicutes	Bacilli	Bacillales	Paenibacillaceae	Paenibacillus	Paenibacillus sp. YH-JAE5
Firmicutes	Bacilli	Bacillales	Paenibacillaceae	Paenibacillus	Paenibacillus sp. YN15
Firmicutes	Bacilli	Bacillales	Paenibacillaceae	Paenibacillus	Paenibacillus stellifer
Firmicutes	Bacilli	Bacillales	Paenibacillaceae	Paenibacillus	Paenibacillus taihuensis
Firmicutes	Bacilli	Bacillales	Paenibacillaceae	Paenibacillus	Paenibacillus terrae
Firmicutes	Bacilli	Bacillales	Paenibacillaceae	Paenibacillus	Paenibacillus terrigena
Firmicutes	Bacilli	Bacillales	Paenibacillaceae	Paenibacillus	Paenibacillus thermophilus
Firmicutes	Bacilli	Bacillales	Paenibacillaceae	Paenibacillus	Paenibacillus tuaregi
Firmicutes	Bacilli	Bacillales	Paenibacillaceae	Paenibacillus	Paenibacillus typhae
Firmicutes	Bacilli	Bacillales	Paenibacillaceae	Paenibacillus	Paenibacillus tyrfis
Firmicutes	Bacilli	Bacillales	Paenibacillaceae	Paenibacillus	Paenibacillus wulumuqiensis
Firmicutes	Bacilli	Bacillales	Paenibacillaceae	Paenibacillus	Paenibacillus wynnii
Firmicutes	Bacilli	Bacillales	Paenibacillaceae	Paenibacillus	Paenibacillus xylanexedens
Firmicutes	Bacilli	Bacillales	Paenibacillaceae	Paenibacillus	Paenibacillus xylaniclasticus
Firmicutes	Bacilli	Bacillales	Paenibacillaceae	Paenibacillus	Paenibacillus yonginensis
Firmicutes	Bacilli	Bacillales	Paenibacillaceae	Paenibacillus	Paenibacillus zanthoxyli
Firmicutes	Bacilli	Bacillales	Planococcaceae	Paenisporosarcina	Paenisporosarcina quisquiliarum
Firmicutes	Clostridia	Clostridiales	Peptococcaceae		Peptococcaceae bacterium 1109
Firmicutes	Bacilli	Bacillales	Bacillaceae	Quasibacillus	Quasibacillus thermotolerans
Firmicutes	Bacilli	Bacillales	Planococcaceae	Rummeliibacillus	Rummeliibacillus pycnus
Firmicutes	Bacilli	Bacillales	Planococcaceae	Rummeliibacillus	Rummeliibacillus sp. SL167
Firmicutes	Bacilli	Bacillales	Planococcaceae	Rummeliibacillus	Rummeliibacillus sp. TYF005
Firmicutes	Bacilli	Bacillales	Planococcaceae	Rummeliibacillus	Rummeliibacillus stabekisii
Firmicutes	Bacilli	Bacillales	Paenibacillaceae	Saccharibacillus	Saccharibacillus kuerlensis
Firmicutes	Bacilli	Bacillales	Paenibacillaceae	Saccharibacillus	Saccharibacillus sacchari
Firmicutes	Bacilli	Bacillales	Paenibacillaceae	Saccharibacillus	Saccharibacillus sp. ATSA2
Firmicutes	Bacilli	Bacillales	Paenibacillaceae	Saccharibacillus	Saccharibacillus sp. O16
Firmicutes	Bacilli	Bacillales	Paenibacillaceae	Saccharibacillus	Saccharibacillus sp. O23
Firmicutes	Bacilli	Bacillales	Bacillaceae	Salipaludibacillus	Salipaludibacillus agaradhaerens
Firmicutes	Bacilli	Bacillales	Bacillaceae	Sediminibacillus	Sediminibacillus albus
Firmicutes	Bacilli	Bacillales	Bacillaceae	Sediminibacillus	Sediminibacillus halophilus
Firmicutes	Bacilli	Bacillales	Sporolactobacillaceae	Sinobaca	Sinobaca qinghaiensis
Firmicutes	Bacilli	Bacillales	Planococcaceae	Solibacillus	Solibacillus sp. R5-41
Firmicutes	Bacilli	Bacillales	Sporolactobacillaceae	Sporolactobacillus	Sporolactobacillus laevolacticus
Firmicutes	Bacilli	Bacillales	Sporolactobacillaceae	Sporolactobacillus	Sporolactobacillus nakayamae
Firmicutes	Bacilli	Bacillales	Sporolactobacillaceae	Sporolactobacillus	Sporolactobacillus pectinivorans
Firmicutes	Bacilli	Bacillales	Sporolactobacillaceae	Sporolactobacillus	Sporolactobacillus shoreae
Firmicutes	Bacilli	Bacillales	Planococcaceae	Sporosarcina	Sporosarcina globispora
Firmicutes	Bacilli	Bacillales	Planococcaceae	Sporosarcina	Sporosarcina koreensis
Firmicutes	Bacilli	Bacillales	Planococcaceae	Sporosarcina	Sporosarcina psychrophila
Firmicutes	Bacilli	Bacillales	Bacillaceae	Terribacillus	Terribacillus halophilus
Firmicutes	Bacilli	Bacillales	Bacillaceae	Terribacillus	Terribacillus saccharophilus
Firmicutes	Bacilli	Bacillales	Bacillaceae	Terribacillus	Terribacillus sp. 7520-G
Firmicutes	Bacilli	Bacillales	Bacillaceae	Terrilactibacillus	Terrilactibacillus laevilacticus
Firmicutes	Clostridia	Thermoanaerobacterales	Thermoanaerobacterales Family III. Incertae Sedis	Thermoanaerobacterium	Thermoanaerobacterium xylanolyticum
Firmicutes	Bacilli	Bacillales	Alicyclobacillaceae	Tumebacillus	Tumebacillus flagellatus
Firmicutes	Bacilli	Bacillales	Alicyclobacillaceae	Tumebacillus	Tumebacillus permanentifrigoris
Firmicutes	Bacilli	Bacillales	Planococcaceae	Ureibacillus	Ureibacillus thermophilus
Firmicutes	Bacilli	Bacillales	Planococcaceae	Ureibacillus	Ureibacillus thermosphaericus
Firmicutes	Bacilli	Bacillales	Bacillaceae	Virgibacillus	Virgibacillus halodenitrificans
Firmicutes	Bacilli	Bacillales	Bacillaceae	Virgibacillus	Virgibacillus senegalensis
Firmicutes	Bacilli	Bacillales	Bacillaceae	Virgibacillus	Virgibacillus soli
Firmicutes	Bacilli	Bacillales	Bacillaceae	Virgibacillus	Virgibacillus sp. 6R
Firmicutes	Bacilli	Bacillales	Planococcaceae	Viridibacillus	Viridibacillus sp. OK051
Firmicutes	Bacilli	Bacillales	Bacillaceae	Lysinibacillus	[Bacillus] sp. KCTC 13219
